{
    "name": "Cylinder.006Geometry.1",
    "skinIndices": [],
    "skinWeights": [],
    "bones": [],
    "materials": [{
        "colorSpecular": [0.07,0.07,0.07],
        "DbgName": "Material.002",
        "shading": "phong",
        "depthTest": true,
        "colorDiffuse": [0.64,0.42109,0.011877],
        "DbgIndex": 0,
        "transparent": false,
        "wireframe": false,
        "DbgColor": 15658734,
        "colorEmissive": [0,0,0],
        "opacity": 1,
        "blending": "NormalBlending",
        "colorAmbient": [0.64,0.42109,0.011877],
        "visible": true,
        "specularCoef": 50,
        "depthWrite": true
    },{
        "colorSpecular": [0.07,0.07,0.07],
        "DbgName": "Material.003",
        "shading": "phong",
        "depthTest": true,
        "colorDiffuse": [0.64,0.509322,0.01845],
        "DbgIndex": 1,
        "transparent": false,
        "wireframe": false,
        "DbgColor": 15597568,
        "colorEmissive": [0,0,0],
        "opacity": 1,
        "blending": "NormalBlending",
        "colorAmbient": [0.64,0.509322,0.01845],
        "visible": true,
        "specularCoef": 50,
        "depthWrite": true
    },{
        "colorSpecular": [0.072917,0.072917,0.072917],
        "DbgName": "Material.001",
        "shading": "phong",
        "depthTest": true,
        "colorDiffuse": [0.047373,0.212206,0.675],
        "DbgIndex": 2,
        "transparent": false,
        "wireframe": false,
        "DbgColor": 60928,
        "colorEmissive": [0,0,0],
        "opacity": 1,
        "blending": "NormalBlending",
        "colorAmbient": [0.047373,0.212206,0.675],
        "visible": true,
        "specularCoef": 50,
        "depthWrite": true
    }],
    "faces": [35,0,1,3,2,2,0,1,2,3,35,2,3,5,4,2,3,2,4,5,34,3,7,5,2,2,6,4,34,1,9,7,2,1,7,6,34,3,1,7,2,2,1,6,35,1,0,8,9,2,1,0,8,7,35,6,7,9,8,2,9,6,7,8,34,0,6,8,2,0,9,8,34,2,4,6,2,3,5,9,34,0,2,6,2,0,3,9,35,10,11,13,12,1,10,11,12,13,35,12,13,15,14,1,13,12,14,15,35,14,15,17,16,0,15,14,16,17,34,13,17,15,1,12,16,14,34,11,19,17,1,11,18,16,34,13,11,17,1,12,11,16,35,18,19,11,10,1,19,18,11,10,35,16,17,19,18,1,17,16,18,19,34,10,16,18,1,10,17,19,34,12,14,16,1,13,15,17,34,10,12,16,1,10,13,17,35,20,21,23,22,0,20,21,22,23,35,22,23,25,24,0,23,22,24,25,35,24,25,27,26,0,25,24,26,27,35,14,15,21,20,0,15,14,21,20,35,26,27,17,16,0,27,26,16,17,34,21,25,23,0,21,24,22,34,17,27,25,0,16,26,24,34,21,15,17,0,21,14,16,34,21,17,25,0,21,16,24,34,14,26,16,0,15,27,17,34,22,24,26,0,23,25,27,34,14,20,22,0,15,20,23,34,14,22,26,0,15,23,27,34,5,6,4,2,4,9,5,34,5,7,6,2,4,6,9],
    "metadata": {
        "materials": 3,
        "generator": "io_three",
        "faces": 36,
        "vertices": 28,
        "normals": 28,
        "bones": 0,
        "uvs": 0,
        "type": "Geometry",
        "version": 3
    },
    "vertices": [-5.27919,-0.653072,23.5318,-5.27919,0.637176,23.5318,-7.55161,-0.653072,18.9832,-7.55161,0.637176,18.9832,-5.31332,-0.653072,14.4177,-5.31332,0.637176,14.4177,-1.65419,-0.653072,17.0425,-1.65419,0.637176,17.0425,-1.63982,-0.653072,20.8796,-1.63982,0.637176,20.8796,0.007899,-0.653072,12.2039,0.007899,0.637176,12.2039,-3.21929,-0.653072,10.5712,-3.21929,0.637176,10.5712,-2.70954,-0.611976,6.97981,-2.70954,0.678272,6.97981,0.935106,-0.611976,6.40475,0.935106,0.678272,6.40475,2.55789,-0.653072,9.63917,2.55789,0.637175,9.63917,-5.11184,-0.570879,4.02858,-5.11184,0.719368,4.02858,-3.7496,-0.57088,0.520972,-3.7496,0.719368,0.520972,-0.030792,-0.57088,-0.053095,-0.030792,0.719368,-0.053095,2.32577,-0.570879,2.88045,2.32577,0.719368,2.88045],
    "influencesPerVertex": 2,
    "uvs": [],
    "normals": [-0.194525,-0.569079,0.798914,-0.194525,0.569079,0.798914,-0.784906,0.619556,0.00293,-0.784906,-0.619556,0.00293,-0.200507,0.569079,-0.797418,-0.200507,-0.569079,-0.797418,0.698996,0.617603,-0.360454,0.701682,0.617603,0.355235,0.701682,-0.617603,0.355235,0.698996,-0.617603,-0.360454,0.127628,-0.598132,0.791131,0.128208,0.593219,0.794733,-0.711722,0.594348,0.37434,-0.711478,-0.598682,0.36787,-0.598041,0.787713,-0.147649,-0.598559,-0.784539,-0.161809,0.520371,0.789483,-0.325388,0.516465,-0.786279,-0.339122,0.793817,0.594104,0.129887,0.791528,-0.598407,0.123875,-0.784417,-0.608173,0.121403,-0.781732,0.610797,0.125523,-0.496963,0.61156,-0.615589,-0.495529,-0.608386,-0.619892,0.288186,0.61156,-0.736808,0.285531,-0.608386,-0.740471,0.783074,0.610889,-0.116459,0.784417,-0.608264,-0.121158]
}