{
    "name": "Cylinder.006Geometry.1",
    "skinIndices": [],
    "skinWeights": [],
    "bones": [],
    "materials": [{
        "colorSpecular": [0.07,0.07,0.07],
        "DbgName": "Material.002",
        "shading": "phong",
        "depthTest": true,
        "colorDiffuse": [0.004397,0.000905,0.64],
        "DbgIndex": 0,
        "transparent": false,
        "wireframe": false,
        "DbgColor": 15658734,
        "colorEmissive": [0,0,0],
        "opacity": 1,
        "blending": "NormalBlending",
        "colorAmbient": [0.004397,0.000905,0.64],
        "visible": true,
        "specularCoef": 50,
        "depthWrite": true
    },{
        "colorSpecular": [0.072917,0.072917,0.072917],
        "DbgName": "Material.001",
        "shading": "phong",
        "depthTest": true,
        "colorDiffuse": [0.047373,0.212206,0.675],
        "DbgIndex": 1,
        "transparent": false,
        "wireframe": false,
        "DbgColor": 15597568,
        "colorEmissive": [0,0,0],
        "opacity": 1,
        "blending": "NormalBlending",
        "colorAmbient": [0.047373,0.212206,0.675],
        "visible": true,
        "specularCoef": 50,
        "depthWrite": true
    }],
    "faces": [35,0,1,3,2,1,0,1,2,3,35,2,3,5,4,1,3,2,4,5,34,3,7,5,1,2,6,4,34,1,9,7,1,1,7,6,34,3,1,7,1,2,1,6,35,1,0,8,9,1,1,0,8,7,35,6,7,9,8,1,9,6,7,8,34,0,6,8,1,0,9,8,34,2,4,6,1,3,5,9,34,0,2,6,1,0,3,9,35,10,11,13,12,0,10,11,12,13,35,14,15,17,16,0,14,15,16,17,35,16,17,19,18,0,17,16,18,19,35,18,19,21,20,0,19,18,20,21,35,10,11,15,14,0,10,11,15,14,35,20,21,13,12,0,21,20,12,13,34,15,19,17,0,15,18,16,34,13,21,19,0,12,20,18,34,15,11,13,0,15,11,12,34,15,13,19,0,15,12,18,34,10,20,12,0,10,21,13,34,16,18,20,0,17,19,21,34,10,14,16,0,10,14,17,34,10,16,20,0,10,17,21,34,5,6,4,1,4,9,5,34,5,7,6,1,4,6,9,34,11,10,12,0,11,10,13,34,11,12,13,0,11,13,12],
    "metadata": {
        "materials": 2,
        "generator": "io_three",
        "faces": 28,
        "vertices": 22,
        "normals": 22,
        "bones": 0,
        "uvs": 0,
        "type": "Geometry",
        "version": 3
    },
    "vertices": [-5.27919,-0.653072,23.5318,-5.27919,0.637176,23.5318,-7.55161,-0.653072,18.9832,-7.55161,0.637176,18.9832,-5.31332,-0.653072,14.4177,-5.31332,0.637176,14.4177,-1.65419,-0.653072,17.0425,-1.65419,0.637176,17.0425,-1.63982,-0.653072,20.8796,-1.63982,0.637176,20.8796,-2.70954,-0.611976,6.97981,-2.70954,0.678272,6.97981,0.935106,-0.611976,6.40475,0.935106,0.678272,6.40475,-5.11184,-0.570879,4.02858,-5.11184,0.719368,4.02858,-3.7496,-0.57088,0.520972,-3.7496,0.719368,0.520972,-0.030792,-0.57088,-0.053095,-0.030792,0.719368,-0.053095,2.32577,-0.570879,2.88045,2.32577,0.719368,2.88045],
    "influencesPerVertex": 2,
    "uvs": [],
    "normals": [-0.194525,-0.569079,0.798914,-0.194525,0.569079,0.798914,-0.784906,0.619556,0.00293,-0.784906,-0.619556,0.00293,-0.200507,0.569079,-0.797418,-0.200507,-0.569079,-0.797418,0.698996,0.617603,-0.360454,0.701682,0.617603,0.355235,0.701682,-0.617603,0.355235,0.698996,-0.617603,-0.360454,-0.464278,-0.803583,0.372326,-0.465438,0.797204,0.384411,0.559008,0.797967,0.225196,0.554216,-0.804376,0.213996,-0.784417,-0.608173,0.121403,-0.781732,0.610797,0.125523,-0.496963,0.61156,-0.615589,-0.495529,-0.608386,-0.619892,0.288186,0.61156,-0.736808,0.285531,-0.608386,-0.740471,0.783074,0.610889,-0.116459,0.784417,-0.608264,-0.121158]
}